Review,Sentiment
Awful experience,Negative
Very satisfied,Positive
Great performance,Positive
Very bad experience,Negative
Very satisfied,Positive
Fantastic experience,Positive
Highly recommended,Positive
This product is amazing,Positive
Very happy with the purchase,Positive
Highly recommended,Positive
Best product ever,Positive
Very happy with the purchase,Positive
Very satisfied,Positive
Terrible service,Negative
Very bad experience,Negative
I love this phone,Positive
This product is amazing,Positive
Very bad experience,Negative
Poor quality,Negative
Not worth buying,Negative
Not worth buying,Negative
Poor quality,Negative
Fantastic experience,Positive
I love this phone,Positive
Excellent quality and service,Positive
Bad performance,Negative
I hate this product,Negative
Excellent quality and service,Positive
Worst product ever,Negative
Poor quality,Negative
Awesome item,Positive
Bad performance,Negative
Very happy with the purchase,Positive
Highly recommended,Positive
Fantastic experience,Positive
Very happy with the purchase,Positive
Excellent quality and service,Positive
Excellent quality and service,Positive
Awesome item,Positive
Very bad experience,Negative
This product is amazing,Positive
Very satisfied,Positive
Terrible service,Negative
Terrible service,Negative
I hate this product,Negative
Terrible service,Negative
Waste of money,Negative
Best product ever,Positive
Poor quality,Negative
Terrible service,Negative
Awesome item,Positive
This product is amazing,Positive
Worst product ever,Negative
Not worth buying,Negative
Awful experience,Negative
I love this phone,Positive
Awful experience,Negative
Not worth buying,Negative
Bad performance,Negative
Awesome item,Positive
Highly recommended,Positive
I hate this product,Negative
Highly recommended,Positive
Great performance,Positive
Highly recommended,Positive
I hate this product,Negative
Awful experience,Negative
Bad performance,Negative
Bad performance,Negative
Best product ever,Positive
Worst product ever,Negative
Very satisfied,Positive
Fantastic experience,Positive
Worst product ever,Negative
Excellent quality and service,Positive
This product is amazing,Positive
Worst product ever,Negative
Highly recommended,Positive
Awful experience,Negative
Poor quality,Negative
Awful experience,Negative
Very disappointing,Negative
Worst product ever,Negative
Awful experience,Negative
This product is amazing,Positive
Excellent quality and service,Positive
Awful experience,Negative
Very satisfied,Positive
Not worth buying,Negative
Awful experience,Negative
Worst product ever,Negative
Worst product ever,Negative
Fantastic experience,Positive
Terrible service,Negative
Waste of money,Negative
Awesome item,Positive
Bad performance,Negative
Worst product ever,Negative
I hate this product,Negative
Awesome item,Positive
Poor quality,Negative
I hate this product,Negative
Very disappointing,Negative
Worst product ever,Negative
Bad performance,Negative
Waste of money,Negative
I love this phone,Positive
Terrible service,Negative
I hate this product,Negative
Great performance,Positive
Not worth buying,Negative
Worst product ever,Negative
Very satisfied,Positive
Awesome item,Positive
Highly recommended,Positive
Very disappointing,Negative
Worst product ever,Negative
Poor quality,Negative
Bad performance,Negative
Highly recommended,Positive
Very satisfied,Positive
I love this phone,Positive
Very bad experience,Negative
Worst product ever,Negative
Terrible service,Negative
Awesome item,Positive
Fantastic experience,Positive
I love this phone,Positive
Very disappointing,Negative
I hate this product,Negative
Very bad experience,Negative
Worst product ever,Negative
This product is amazing,Positive
Not worth buying,Negative
Very disappointing,Negative
Waste of money,Negative
Great performance,Positive
This product is amazing,Positive
Very happy with the purchase,Positive
I love this phone,Positive
Bad performance,Negative
Excellent quality and service,Positive
Awful experience,Negative
This product is amazing,Positive
Very bad experience,Negative
Very happy with the purchase,Positive
Bad performance,Negative
Very bad experience,Negative
Not worth buying,Negative
Very happy with the purchase,Positive
Bad performance,Negative
I love this phone,Positive
Best product ever,Positive
Awful experience,Negative
I love this phone,Positive
Poor quality,Negative
Best product ever,Positive
Very satisfied,Positive
Terrible service,Negative
Highly recommended,Positive
Very satisfied,Positive
I hate this product,Negative
Worst product ever,Negative
Worst product ever,Negative
Fantastic experience,Positive
Very bad experience,Negative
Very bad experience,Negative
Bad performance,Negative
Highly recommended,Positive
Waste of money,Negative
Terrible service,Negative
Awesome item,Positive
Poor quality,Negative
Very bad experience,Negative
Best product ever,Positive
Excellent quality and service,Positive
Worst product ever,Negative
Poor quality,Negative
Bad performance,Negative
Not worth buying,Negative
Very disappointing,Negative
Poor quality,Negative
Very bad experience,Negative
Very satisfied,Positive
Poor quality,Negative
Great performance,Positive
Worst product ever,Negative
Bad performance,Negative
Bad performance,Negative
Poor quality,Negative
Waste of money,Negative
Very bad experience,Negative
Very happy with the purchase,Positive
I hate this product,Negative
Waste of money,Negative
Very disappointing,Negative
I hate this product,Negative
Great performance,Positive
Awful experience,Negative
Awful experience,Negative
Waste of money,Negative
I hate this product,Negative
Fantastic experience,Positive
Very satisfied,Positive
Very happy with the purchase,Positive
Not worth buying,Negative
Poor quality,Negative
Terrible service,Negative
Very happy with the purchase,Positive
Worst product ever,Negative
Awesome item,Positive
This product is amazing,Positive
I love this phone,Positive
Fantastic experience,Positive
Not worth buying,Negative
Not worth buying,Negative
Waste of money,Negative
Awful experience,Negative
Very happy with the purchase,Positive
This product is amazing,Positive
Very bad experience,Negative
Fantastic experience,Positive
Awful experience,Negative
Highly recommended,Positive
This product is amazing,Positive
Excellent quality and service,Positive
Fantastic experience,Positive
Very disappointing,Negative
Very satisfied,Positive
I hate this product,Negative
Very bad experience,Negative
Very disappointing,Negative
This product is amazing,Positive
Very happy with the purchase,Positive
I love this phone,Positive
Awesome item,Positive
I love this phone,Positive
Poor quality,Negative
Very satisfied,Positive
Bad performance,Negative
I hate this product,Negative
Bad performance,Negative
Very disappointing,Negative
Awesome item,Positive
Worst product ever,Negative
Very satisfied,Positive
Fantastic experience,Positive
Very satisfied,Positive
Poor quality,Negative
Terrible service,Negative
Very bad experience,Negative
Fantastic experience,Positive
Poor quality,Negative
Excellent quality and service,Positive
Very bad experience,Negative
Very happy with the purchase,Positive
Excellent quality and service,Positive
Not worth buying,Negative
Bad performance,Negative
Fantastic experience,Positive
Excellent quality and service,Positive
Excellent quality and service,Positive
Very satisfied,Positive
Highly recommended,Positive
Not worth buying,Negative
Very satisfied,Positive
I love this phone,Positive
Bad performance,Negative
Not worth buying,Negative
Highly recommended,Positive
Waste of money,Negative
Very bad experience,Negative
I hate this product,Negative
Very bad experience,Negative
Bad performance,Negative
Not worth buying,Negative
Very disappointing,Negative
This product is amazing,Positive
Fantastic experience,Positive
Best product ever,Positive
Bad performance,Negative
Very satisfied,Positive
I hate this product,Negative
Very happy with the purchase,Positive
I hate this product,Negative
Awesome item,Positive
Fantastic experience,Positive
Very disappointing,Negative
Very happy with the purchase,Positive
Best product ever,Positive
Awesome item,Positive
Awesome item,Positive
Awful experience,Negative
Very happy with the purchase,Positive
Very disappointing,Negative
Very happy with the purchase,Positive
Waste of money,Negative
I love this phone,Positive
Not worth buying,Negative
Very happy with the purchase,Positive
This product is amazing,Positive
I love this phone,Positive
This product is amazing,Positive
Very disappointing,Negative
Very disappointing,Negative
Not worth buying,Negative
Fantastic experience,Positive
Worst product ever,Negative
I love this phone,Positive
Poor quality,Negative
Very disappointing,Negative
This product is amazing,Positive
Best product ever,Positive
This product is amazing,Positive
Not worth buying,Negative
Best product ever,Positive
Not worth buying,Negative
Not worth buying,Negative
This product is amazing,Positive
Not worth buying,Negative
Fantastic experience,Positive
Excellent quality and service,Positive
Very bad experience,Negative
Not worth buying,Negative
I hate this product,Negative
Fantastic experience,Positive
Waste of money,Negative
I love this phone,Positive
This product is amazing,Positive
Very satisfied,Positive
Highly recommended,Positive
Fantastic experience,Positive
Very bad experience,Negative
I hate this product,Negative
Bad performance,Negative
This product is amazing,Positive
Awesome item,Positive
Worst product ever,Negative
Poor quality,Negative
I love this phone,Positive
Bad performance,Negative
Awesome item,Positive
Poor quality,Negative
Very satisfied,Positive
Excellent quality and service,Positive
I hate this product,Negative
This product is amazing,Positive
Highly recommended,Positive
Not worth buying,Negative
I hate this product,Negative
Fantastic experience,Positive
Waste of money,Negative
Very satisfied,Positive
Very disappointing,Negative
Waste of money,Negative
Very satisfied,Positive
Very disappointing,Negative
Great performance,Positive
Worst product ever,Negative
This product is amazing,Positive
Awful experience,Negative
Excellent quality and service,Positive
Very disappointing,Negative
Not worth buying,Negative
Very disappointing,Negative
Worst product ever,Negative
Bad performance,Negative
Terrible service,Negative
Fantastic experience,Positive
Terrible service,Negative
Not worth buying,Negative
Poor quality,Negative
Great performance,Positive
Awful experience,Negative
Not worth buying,Negative
Very disappointing,Negative
Great performance,Positive
Excellent quality and service,Positive
Terrible service,Negative
Awful experience,Negative
Awesome item,Positive
Very bad experience,Negative
Highly recommended,Positive
Awesome item,Positive
Worst product ever,Negative
Very disappointing,Negative
Highly recommended,Positive
Terrible service,Negative
Poor quality,Negative
Best product ever,Positive
Best product ever,Positive
Not worth buying,Negative
Awful experience,Negative
Best product ever,Positive
Not worth buying,Negative
Very disappointing,Negative
This product is amazing,Positive
Waste of money,Negative
Bad performance,Negative
Very bad experience,Negative
Great performance,Positive
Awesome item,Positive
Highly recommended,Positive
I love this phone,Positive
Waste of money,Negative
Waste of money,Negative
Terrible service,Negative
Waste of money,Negative
Very bad experience,Negative
Best product ever,Positive
Very satisfied,Positive
Very bad experience,Negative
Very bad experience,Negative
Very happy with the purchase,Positive
Poor quality,Negative
Very happy with the purchase,Positive
Awesome item,Positive
Fantastic experience,Positive
Awesome item,Positive
Highly recommended,Positive
Fantastic experience,Positive
Very happy with the purchase,Positive
Very disappointing,Negative
Fantastic experience,Positive
Fantastic experience,Positive
Worst product ever,Negative
Very satisfied,Positive
Excellent quality and service,Positive
Highly recommended,Positive
Excellent quality and service,Positive
Best product ever,Positive
Very happy with the purchase,Positive
Excellent quality and service,Positive
Worst product ever,Negative
Awesome item,Positive
Very disappointing,Negative
Very bad experience,Negative
Awesome item,Positive
I love this phone,Positive
Bad performance,Negative
Best product ever,Positive
Very happy with the purchase,Positive
Poor quality,Negative
Best product ever,Positive
Awful experience,Negative
Poor quality,Negative
Poor quality,Negative
Awesome item,Positive
This product is amazing,Positive
I hate this product,Negative
Very happy with the purchase,Positive
Terrible service,Negative
Awesome item,Positive
Excellent quality and service,Positive
Not worth buying,Negative
I hate this product,Negative
Not worth buying,Negative
Worst product ever,Negative
I hate this product,Negative
Not worth buying,Negative
I hate this product,Negative
Waste of money,Negative
Fantastic experience,Positive
Very disappointing,Negative
Waste of money,Negative
Worst product ever,Negative
I hate this product,Negative
Worst product ever,Negative
Excellent quality and service,Positive
Highly recommended,Positive
Awful experience,Negative
Poor quality,Negative
Terrible service,Negative
Best product ever,Positive
Very bad experience,Negative
This product is amazing,Positive
Waste of money,Negative
Not worth buying,Negative
Bad performance,Negative
Terrible service,Negative
Best product ever,Positive
Very bad experience,Negative
Very disappointing,Negative
Very bad experience,Negative
Very disappointing,Negative
I hate this product,Negative
This product is amazing,Positive
I hate this product,Negative
Not worth buying,Negative
I love this phone,Positive
Very satisfied,Positive
Great performance,Positive
I hate this product,Negative
Highly recommended,Positive
This product is amazing,Positive
Worst product ever,Negative
Highly recommended,Positive
I hate this product,Negative
Not worth buying,Negative
Awesome item,Positive
Worst product ever,Negative
Awful experience,Negative
I love this phone,Positive
Bad performance,Negative
Best product ever,Positive
Awful experience,Negative
Bad performance,Negative
Awesome item,Positive
Very satisfied,Positive
Very satisfied,Positive
Excellent quality and service,Positive
Highly recommended,Positive
Very bad experience,Negative
Poor quality,Negative
Highly recommended,Positive
Highly recommended,Positive
Very bad experience,Negative
Awesome item,Positive
Very satisfied,Positive
This product is amazing,Positive
Awesome item,Positive
Poor quality,Negative
Best product ever,Positive
Very happy with the purchase,Positive
Awful experience,Negative
I love this phone,Positive
Great performance,Positive
Awful experience,Negative
Best product ever,Positive
Excellent quality and service,Positive
Very satisfied,Positive
Fantastic experience,Positive
Terrible service,Negative
Very bad experience,Negative
Not worth buying,Negative
Very happy with the purchase,Positive
Very disappointing,Negative
Excellent quality and service,Positive
Poor quality,Negative
Awesome item,Positive
Very bad experience,Negative
Highly recommended,Positive
Awful experience,Negative
Awful experience,Negative
Poor quality,Negative
Very satisfied,Positive
Poor quality,Negative
Great performance,Positive
Highly recommended,Positive
Waste of money,Negative
Not worth buying,Negative
Best product ever,Positive
Very bad experience,Negative
Very happy with the purchase,Positive
Very disappointing,Negative
Very disappointing,Negative
Awesome item,Positive
Very bad experience,Negative
Great performance,Positive
Very disappointing,Negative
Not worth buying,Negative
Terrible service,Negative
Awesome item,Positive
Very disappointing,Negative
I hate this product,Negative
Fantastic experience,Positive
I hate this product,Negative
This product is amazing,Positive
Very satisfied,Positive
Poor quality,Negative
I love this phone,Positive
Poor quality,Negative
Bad performance,Negative
Very bad experience,Negative
Not worth buying,Negative
Terrible service,Negative
Very satisfied,Positive
Highly recommended,Positive
Poor quality,Negative
Very bad experience,Negative
I love this phone,Positive
Very happy with the purchase,Positive
Very happy with the purchase,Positive
Not worth buying,Negative
Terrible service,Negative
Great performance,Positive
Awful experience,Negative
Very satisfied,Positive
Waste of money,Negative
Awful experience,Negative
Very happy with the purchase,Positive
Bad performance,Negative
Awesome item,Positive
This product is amazing,Positive
Highly recommended,Positive
Waste of money,Negative
Not worth buying,Negative
Very bad experience,Negative
Fantastic experience,Positive
Awful experience,Negative
Not worth buying,Negative
I hate this product,Negative
Very satisfied,Positive
Very happy with the purchase,Positive
Highly recommended,Positive
Not worth buying,Negative
Terrible service,Negative
Fantastic experience,Positive
Very satisfied,Positive
Very satisfied,Positive
Very satisfied,Positive
Highly recommended,Positive
Very happy with the purchase,Positive
Excellent quality and service,Positive
This product is amazing,Positive
Terrible service,Negative
This product is amazing,Positive
Worst product ever,Negative
Best product ever,Positive
Terrible service,Negative
Best product ever,Positive
Bad performance,Negative
Waste of money,Negative
Fantastic experience,Positive
Awesome item,Positive
This product is amazing,Positive
Great performance,Positive
Highly recommended,Positive
Great performance,Positive
Bad performance,Negative
Very satisfied,Positive
Great performance,Positive
Worst product ever,Negative
This product is amazing,Positive
Not worth buying,Negative
Terrible service,Negative
Bad performance,Negative
I hate this product,Negative
Great performance,Positive
Very bad experience,Negative
Bad performance,Negative
Worst product ever,Negative
Best product ever,Positive
Very bad experience,Negative
Waste of money,Negative
Terrible service,Negative
This product is amazing,Positive
Very disappointing,Negative
Waste of money,Negative
Worst product ever,Negative
Very happy with the purchase,Positive
I love this phone,Positive
Excellent quality and service,Positive
I love this phone,Positive
Very disappointing,Negative
Best product ever,Positive
Poor quality,Negative
Waste of money,Negative
Highly recommended,Positive
Terrible service,Negative
Awful experience,Negative
I hate this product,Negative
Highly recommended,Positive
Very happy with the purchase,Positive
Poor quality,Negative
Not worth buying,Negative
Very bad experience,Negative
Very happy with the purchase,Positive
Highly recommended,Positive
Awesome item,Positive
Waste of money,Negative
Bad performance,Negative
Excellent quality and service,Positive
Awesome item,Positive
Awful experience,Negative
Best product ever,Positive
Terrible service,Negative
Terrible service,Negative
Very happy with the purchase,Positive
Bad performance,Negative
Very bad experience,Negative
Highly recommended,Positive
Highly recommended,Positive
Awesome item,Positive
Very happy with the purchase,Positive
Highly recommended,Positive
Very bad experience,Negative
Worst product ever,Negative
Very happy with the purchase,Positive
Very happy with the purchase,Positive
Fantastic experience,Positive
Awesome item,Positive
This product is amazing,Positive
Very satisfied,Positive
Very happy with the purchase,Positive
Very happy with the purchase,Positive
Awful experience,Negative
Worst product ever,Negative
Great performance,Positive
Great performance,Positive
I hate this product,Negative
Fantastic experience,Positive
Bad performance,Negative
Great performance,Positive
Very disappointing,Negative
Very satisfied,Positive
Very bad experience,Negative
Great performance,Positive
Very disappointing,Negative
Great performance,Positive
Worst product ever,Negative
Very satisfied,Positive
Highly recommended,Positive
Best product ever,Positive
I love this phone,Positive
Waste of money,Negative
Excellent quality and service,Positive
Terrible service,Negative
Very bad experience,Negative
Great performance,Positive
Poor quality,Negative
Very happy with the purchase,Positive
Highly recommended,Positive
Great performance,Positive
Waste of money,Negative
I love this phone,Positive
Awesome item,Positive
Awesome item,Positive
Not worth buying,Negative
Poor quality,Negative
Very bad experience,Negative
Poor quality,Negative
Terrible service,Negative
Excellent quality and service,Positive
Excellent quality and service,Positive
Awesome item,Positive
Not worth buying,Negative
Very happy with the purchase,Positive
Waste of money,Negative
Awful experience,Negative
I love this phone,Positive
Great performance,Positive
Not worth buying,Negative
Not worth buying,Negative
Very bad experience,Negative
Great performance,Positive
Waste of money,Negative
Very happy with the purchase,Positive
Highly recommended,Positive
Bad performance,Negative
Worst product ever,Negative
Great performance,Positive
Highly recommended,Positive
Poor quality,Negative
Excellent quality and service,Positive
Great performance,Positive
I hate this product,Negative
Not worth buying,Negative
Fantastic experience,Positive
Awesome item,Positive
Highly recommended,Positive
Very satisfied,Positive
Very happy with the purchase,Positive
Great performance,Positive
Bad performance,Negative
Great performance,Positive
Poor quality,Negative
Very happy with the purchase,Positive
I hate this product,Negative
Very happy with the purchase,Positive
Very satisfied,Positive
Best product ever,Positive
Best product ever,Positive
Excellent quality and service,Positive
Best product ever,Positive
Highly recommended,Positive
Worst product ever,Negative
I love this phone,Positive
Awful experience,Negative
Worst product ever,Negative
Poor quality,Negative
Poor quality,Negative
Highly recommended,Positive
Very bad experience,Negative
Very happy with the purchase,Positive
Best product ever,Positive
Awful experience,Negative
Very disappointing,Negative
Poor quality,Negative
Worst product ever,Negative
This product is amazing,Positive
I love this phone,Positive
Very satisfied,Positive
Waste of money,Negative
Very bad experience,Negative
Very happy with the purchase,Positive
Highly recommended,Positive
Awful experience,Negative
Not worth buying,Negative
I hate this product,Negative
Very bad experience,Negative
Terrible service,Negative
Great performance,Positive
This product is amazing,Positive
Highly recommended,Positive
Waste of money,Negative
Poor quality,Negative
Very bad experience,Negative
Fantastic experience,Positive
Awesome item,Positive
Very bad experience,Negative
I love this phone,Positive
I hate this product,Negative
Highly recommended,Positive
Fantastic experience,Positive
Very happy with the purchase,Positive
Very bad experience,Negative
Very happy with the purchase,Positive
Fantastic experience,Positive
Fantastic experience,Positive
Excellent quality and service,Positive
Very disappointing,Negative
Highly recommended,Positive
Very disappointing,Negative
Fantastic experience,Positive
Awful experience,Negative
Very disappointing,Negative
Bad performance,Negative
Poor quality,Negative
Not worth buying,Negative
Excellent quality and service,Positive
Waste of money,Negative
Very disappointing,Negative
Waste of money,Negative
Great performance,Positive
Highly recommended,Positive
I hate this product,Negative
Fantastic experience,Positive
I hate this product,Negative
Very happy with the purchase,Positive
Poor quality,Negative
Excellent quality and service,Positive
Poor quality,Negative
Terrible service,Negative
Very bad experience,Negative
Bad performance,Negative
This product is amazing,Positive
I love this phone,Positive
I love this phone,Positive
Very satisfied,Positive
Not worth buying,Negative
Waste of money,Negative
I love this phone,Positive
Great performance,Positive
Not worth buying,Negative
I love this phone,Positive
Not worth buying,Negative
I love this phone,Positive
Poor quality,Negative
Awesome item,Positive
Bad performance,Negative
Terrible service,Negative
Worst product ever,Negative
Fantastic experience,Positive
Very disappointing,Negative
Awesome item,Positive
Not worth buying,Negative
Very disappointing,Negative
Worst product ever,Negative
I hate this product,Negative
Fantastic experience,Positive
Very disappointing,Negative
I love this phone,Positive
Great performance,Positive
Fantastic experience,Positive
Waste of money,Negative
This product is amazing,Positive
I hate this product,Negative
Very happy with the purchase,Positive
Waste of money,Negative
Not worth buying,Negative
Very satisfied,Positive
This product is amazing,Positive
Bad performance,Negative
Waste of money,Negative
Very disappointing,Negative
Excellent quality and service,Positive
Not worth buying,Negative
Very satisfied,Positive
Fantastic experience,Positive
Fantastic experience,Positive
This product is amazing,Positive
Excellent quality and service,Positive
Very satisfied,Positive
Worst product ever,Negative
Best product ever,Positive
Poor quality,Negative
Very satisfied,Positive
Very disappointing,Negative
Great performance,Positive
This product is amazing,Positive
Very satisfied,Positive
Very disappointing,Negative
Excellent quality and service,Positive
Fantastic experience,Positive
Not worth buying,Negative
I hate this product,Negative
Highly recommended,Positive
Very happy with the purchase,Positive
I hate this product,Negative
Awesome item,Positive
Highly recommended,Positive
Awesome item,Positive
Awesome item,Positive
Awful experience,Negative
Worst product ever,Negative
Waste of money,Negative
Best product ever,Positive
This product is amazing,Positive
Very satisfied,Positive
Not worth buying,Negative
Terrible service,Negative
Excellent quality and service,Positive
Fantastic experience,Positive
Fantastic experience,Positive
Very satisfied,Positive
Great performance,Positive
This product is amazing,Positive
Excellent quality and service,Positive
Poor quality,Negative
I hate this product,Negative
Worst product ever,Negative
Awesome item,Positive
Best product ever,Positive
This product is amazing,Positive
Best product ever,Positive
Highly recommended,Positive
Fantastic experience,Positive
Great performance,Positive
Worst product ever,Negative
Highly recommended,Positive
Waste of money,Negative
Very bad experience,Negative
Waste of money,Negative
Not worth buying,Negative
Awful experience,Negative
Very happy with the purchase,Positive
Best product ever,Positive
Poor quality,Negative
Very happy with the purchase,Positive
Fantastic experience,Positive
Highly recommended,Positive
Highly recommended,Positive
Very bad experience,Negative
Very satisfied,Positive
I love this phone,Positive
Not worth buying,Negative
Terrible service,Negative
This product is amazing,Positive
Very satisfied,Positive
Not worth buying,Negative
Very satisfied,Positive
I love this phone,Positive
Great performance,Positive
Very happy with the purchase,Positive
Waste of money,Negative
Great performance,Positive
Best product ever,Positive
This product is amazing,Positive
Very happy with the purchase,Positive
Very disappointing,Negative
I hate this product,Negative
Excellent quality and service,Positive
Best product ever,Positive
Worst product ever,Negative
I love this phone,Positive
I love this phone,Positive
Very bad experience,Negative
Awesome item,Positive
Not worth buying,Negative
Very happy with the purchase,Positive
Highly recommended,Positive
Waste of money,Negative
Highly recommended,Positive
Very bad experience,Negative
Bad performance,Negative
Best product ever,Positive
Great performance,Positive
Bad performance,Negative
I love this phone,Positive
Waste of money,Negative
I love this phone,Positive
Excellent quality and service,Positive
Waste of money,Negative
Fantastic experience,Positive
Waste of money,Negative
Bad performance,Negative
Very disappointing,Negative
Best product ever,Positive
I love this phone,Positive
